Province,City/Municipality
Abra,Bangued
Abra,Boliney
Abra,Bucay
Abra,Bucloc
Abra,Daguioman
Abra,Danglas
Abra,Dolores
Abra,La Paz
Abra,Lacub
Abra,Lagangilang
Abra,Lagayan
Abra,Langiden
Abra,Licuan-Baay (Licuan)
Abra,Luba
Abra,Malibcong
Abra,Manabo
Abra,Peñarrubia
Abra,Pidigan
Abra,Pilar
Abra,Sallapadan
Abra,San Isidro
Abra,San Juan
Abra,San Quintin
Abra,Tayum
Abra,Tineg
Abra,Tubo
Abra,Villaviciosa
Agusan del Norte,Buenavista
Agusan del Norte,Butuan
Agusan del Norte,Cabadbaran
Agusan del Norte,Carmen
Agusan del Norte,Jabonga
Agusan del Norte,Kitcharao
Agusan del Norte,Las Nieves
Agusan del Norte,Magallanes
Agusan del Norte,Nasipit
Agusan del Norte,Remedios T. Romualdez
Agusan del Norte,Santiago
Agusan del Norte,Tubay
Agusan del Sur,Bayugan
Agusan del Sur,Bunawan
Agusan del Sur,Esperanza
Agusan del Sur,La Paz
Agusan del Sur,Loreto
Agusan del Sur,Prosperidad
Agusan del Sur,Rosario
Agusan del Sur,San Francisco
Agusan del Sur,San Luis
Agusan del Sur,Santa Josefa
Agusan del Sur,Sibagat
Agusan del Sur,Talacogon
Agusan del Sur,Trento
Agusan del Sur,Veruela
Aklan,Altavas
Aklan,Balete
Aklan,Banga
Aklan,Batan
Aklan,Buruanga
Aklan,Ibajay
Aklan,Kalibo
Aklan,Lezo
Aklan,Libacao
Aklan,Madalag
Aklan,Makato
Aklan,Malay
Aklan,Malinao
Aklan,Nabas
Aklan,New Washington
Aklan,Numancia
Aklan,Tangalan
Albay,Bacacay
Albay,Camalig
Albay,Daraga
Albay,Guinobatan
Albay,Jovellar
Albay,Legazpi
Albay,Libon
Albay,Ligao
Albay,Malilipot
Albay,Malinao
Albay,Manito
Albay,Oas
Albay,Pio Duran
Albay,Polangui
Albay,Rapu-Rapu
Albay,Santo Domingo
Albay,Tabaco
Albay,Tiwi
Antique,Anini-y
Antique,Barbaza
Antique,Belison
Antique,Bugasong
Antique,Caluya
Antique,Culasi
Antique,Hamtic
Antique,Laua-an
Antique,Libertad
Antique,Pandan
Antique,Patnongon
Antique,San Jose de Buenavista
Antique,San Remigio
Antique,Sebaste
Antique,Sibalom
Antique,Tibiao
Antique,Tobias Fornier
Antique,Valderrama
Apayao,Calanasan
Apayao,Conner
Apayao,Flora
Apayao,Kabugao
Apayao,Luna
Apayao,Pudtol
Apayao,Santa Marcela
Aurora,Baler
Aurora,Casiguran
Aurora,Dilasag
Aurora,Dinalungan
Aurora,Dingalan
Aurora,Dipaculao
Aurora,Maria Aurora
Aurora,San Luis
Basilan,Akbar
Basilan,Al-Barka
Basilan,Hadji Mohammad Ajul
Basilan,Hadji Muhtamad
Basilan,Isabela
Basilan,Lamitan
Basilan,Lantawan
Basilan,Maluso
Basilan,Sumisip
Basilan,Tabuan-Lasa
Basilan,Tipo-Tipo
Basilan,Tuburan
Basilan,Ungkaya Pukan
Bataan,Abucay
Bataan,Bagac
Bataan,Balanga
Bataan,Dinalupihan
Bataan,Hermosa
Bataan,Limay
Bataan,Mariveles
Bataan,Morong
Bataan,Orani
Bataan,Orion
Bataan,Pilar
Bataan,Samal
Batanes,Basco
Batanes,Itbayat
Batanes,Ivana
Batanes,Mahatao
Batanes,Sabtang
Batanes,Uyugan
Batangas,Agoncillo
Batangas,Alitagtag
Batangas,Balayan
Batangas,Balete
Batangas,Batangas City
Batangas,Bauan
Batangas,Calaca
Batangas,Calatagan
Batangas,Cuenca
Batangas,Ibaan
Batangas,Laurel
Batangas,Lemery
Batangas,Lian
Batangas,Lipa
Batangas,Lobo
Batangas,Mabini
Batangas,Malvar
Batangas,Mataasnakahoy
Batangas,Nasugbu
Batangas,Padre Garcia
Batangas,Rosario
Batangas,San Jose
Batangas,San Juan
Batangas,San Luis
Batangas,San Nicolas
Batangas,San Pascual
Batangas,Santa Teresita
Batangas,Santo Tomas
Batangas,Taal
Batangas,Talisay
Batangas,Tanauan
Batangas,Taysan
Batangas,Tingloy
Batangas,Tuy
Benguet,Atok
Benguet,Baguio
Benguet,Bakun
Benguet,Bokod
Benguet,Buguias
Benguet,Itogon
Benguet,Kabayan
Benguet,Kapangan
Benguet,Kibungan
Benguet,La Trinidad
Benguet,Mankayan
Benguet,Sablan
Benguet,Tuba
Benguet,Tublay
Biliran,Almeria
Biliran,Biliran
Biliran,Cabucgayan
Biliran,Caibiran
Biliran,Culaba
Biliran,Kawayan
Biliran,Maripipi
Biliran,Naval
Bukidnon,Baungon
Bukidnon,Cabanglasan
Bukidnon,Damulog
Bukidnon,Dangcagan
Bukidnon,Don Carlos
Bukidnon,Impasugong
Bukidnon,Kadingilan
Bukidnon,Kalilangan
Bukidnon,Kibawe
Bukidnon,Kitaotao
Bukidnon,Lantapan
Bukidnon,Libona
Bukidnon,Malaybalay
Bukidnon,Malitbog
Bukidnon,Manolo Fortich
Bukidnon,Maramag
Bukidnon,Pangantucan
Bukidnon,Quezon
Bukidnon,San Fernando
Bukidnon,Sumilao
Bukidnon,Talakag
Bukidnon,Valencia
Bulacan,Angat
Bulacan,Balagtas
Bulacan,Baliuag
Bulacan,Bocaue
Bulacan,Bulakan
Bulacan,Bustos
Bulacan,Calumpit
Bulacan,Doña Remedios Trinidad
Bulacan,Guiguinto
Bulacan,Hagonoy
Bulacan,Malolos
Bulacan,Marilao
Bulacan,Meycauayan
Bulacan,Norzagaray
Bulacan,Obando
Bulacan,Pandi
Bulacan,Paombong
Bulacan,Plaridel
Bulacan,Pulilan
Bulacan,San Ildefonso
Bulacan,San Jose del Monte
Bulacan,San Miguel
Bulacan,San Rafael
Bulacan,Santa Maria
Cagayan,Abulug
Cagayan,Alcala
Cagayan,Allacapan
Cagayan,Amulung
Cagayan,Aparri
Cagayan,Baggao
Cagayan,Ballesteros
Cagayan,Buguey
Cagayan,Calayan
Cagayan,Camalaniugan
Cagayan,Claveria
Cagayan,Enrile
Cagayan,Gattaran
Cagayan,Gonzaga
Cagayan,Iguig
Cagayan,Lal-lo
Cagayan,Lasam
Cagayan,Pamplona
Cagayan,Peñablanca
Cagayan,Piat
Cagayan,Rizal
Cagayan,Sanchez-Mira
Cagayan,Santa Ana
Cagayan,Santa Praxedes
Cagayan,Santa Teresita
Cagayan,Santo Niño (Faire)
Cagayan,Solana
Cagayan,Tuao
Cagayan,Tuguegarao City
Camarines Norte,Basud
Camarines Norte,Capalonga
Camarines Norte,Daet
Camarines Norte,Jose Panganiban
Camarines Norte,Labo
Camarines Norte,Mercedes
Camarines Norte,Paracale
Camarines Norte,San Lorenzo Ruiz
Camarines Norte,San Vicente
Camarines Norte,Santa Elena
Camarines Norte,Talisay
Camarines Norte,Vinzons
Camarines Sur,Baao
Camarines Sur,Balatan
Camarines Sur,Bato
Camarines Sur,Bombon
Camarines Sur,Buhi
Camarines Sur,Bula
Camarines Sur,Cabusao
Camarines Sur,Calabanga
Camarines Sur,Camaligan
Camarines Sur,Canaman
Camarines Sur,Caramoan
Camarines Sur,Del Gallego
Camarines Sur,Gainza
Camarines Sur,Garchitorena
Camarines Sur,Goa
Camarines Sur,Iriga
Camarines Sur,Lagonoy
Camarines Sur,Libmanan
Camarines Sur,Lupi
Camarines Sur,Magarao
Camarines Sur,Milaor
Camarines Sur,Minalabac
Camarines Sur,Nabua
Camarines Sur,Naga
Camarines Sur,Ocampo
Camarines Sur,Pamplona
Camarines Sur,Pasacao
Camarines Sur,Pili
Camarines Sur,Presentacion
Camarines Sur,Ragay
Camarines Sur,Sagñay
Camarines Sur,San Fernando
Camarines Sur,San Jose
Camarines Sur,Sipocot
Camarines Sur,Siruma
Camarines Sur,Tigaon
Camarines Sur,Tinambac
Camiguin,Catarman
Camiguin,Guinsiliban
Camiguin,Mahinog
Camiguin,Mambajao
Camiguin,Sagay
Capiz,Cuartero
Capiz,Dao
Capiz,Dumalag
Capiz,Dumarao
Capiz,Ivisan
Capiz,Jamindan
Capiz,Maayon
Capiz,Mambusao
Capiz,Panay
Capiz,Panitan
Capiz,Pilar
Capiz,Pontevedra
Capiz,President Roxas
Capiz,Roxas City
Capiz,Sapian
Capiz,Sigma
Capiz,Tapaz
Catanduanes,Bagamanoc
Catanduanes,Baras
Catanduanes,Bato
Catanduanes,Caramoran
Catanduanes,Gigmoto
Catanduanes,Pandan
Catanduanes,Panganiban
Catanduanes,San Andres
Catanduanes,San Miguel
Catanduanes,Viga
Catanduanes,Virac
Cavite,Alfonso
Cavite,Amadeo
Cavite,Bacoor
Cavite,Carmona
Cavite,Cavite City
Cavite,Dasmariñas
Cavite,General Emilio Aguinaldo
Cavite,General Mariano Alvarez
Cavite,General Trias
Cavite,Imus
Cavite,Indang
Cavite,Kawit
Cavite,Magallanes
Cavite,Maragondon
Cavite,Mendez
Cavite,Naic
Cavite,Noveleta
Cavite,Rosario
Cavite,Silang
Cavite,Tagaytay
Cavite,Tanza
Cavite,Ternate
Cavite,Trece Martires
Cebu,Alcantara
Cebu,Alcoy
Cebu,Alegria
Cebu,Aloguinsan
Cebu,Argao
Cebu,Asturias
Cebu,Badian
Cebu,Balamban
Cebu,Bantayan
Cebu,Barili
Cebu,Bogo
Cebu,Boljoon
Cebu,Borbon
Cebu,Carcar
Cebu,Carmen
Cebu,Catmon
Cebu,Cebu City
Cebu,Compostela
Cebu,Consolacion
Cebu,Cordova
Cebu,Daanbantayan
Cebu,Dalaguete
Cebu,Danao
Cebu,Dumanjug
Cebu,Ginatilan
Cebu,Lapu-Lapu
Cebu,Liloan
Cebu,Madridejos
Cebu,Malabuyoc
Cebu,Mandaue
Cebu,Medellin
Cebu,Minglanilla
Cebu,Moalboal
Cebu,Naga
Cebu,Oslob
Cebu,Pilar
Cebu,Pinamungajan
Cebu,Poro
Cebu,Ronda
Cebu,Samboan
Cebu,San Fernando
Cebu,San Francisco
Cebu,San Remigio
Cebu,Santa Fe
Cebu,Santander
Cebu,Sibonga
Cebu,Sogod
Cebu,Tabogon
Cebu,Tabuelan
Cebu,Talisay
Cebu,Toledo
Cebu,Tuburan
Cebu,Tudela
Cotabato,Alamada
Cotabato,Aleosan
Cotabato,Antipas
Cotabato,Arakan
Cotabato,Banisilan
Cotabato,Carmen
Cotabato,Kabacan
Cotabato,Kidapawan
Cotabato,Libungan
Cotabato,M'lang
Cotabato,Magpet
Cotabato,Makilala
Cotabato,Matalam
Cotabato,Midsayap
Cotabato,Pigcawayan
Cotabato,Pikit
Cotabato,President Roxas
Cotabato,Tulunan
Davao de Oro,Compostela
Davao de Oro,Laak
Davao de Oro,Mabini
Davao de Oro,Maco
Davao de Oro,Maragusan
Davao de Oro,Mawab
Davao de Oro,Monkayo
Davao de Oro,Montevista
Davao de Oro,Nabunturan
Davao de Oro,New Bataan
Davao de Oro,Pantukan
Davao del Norte,Asuncion
Davao del Norte,Braulio E. Dujali
Davao del Norte,Carmen
Davao del Norte,Kapalong
Davao del Norte,New Corella
Davao del Norte,Panabo
Davao del Norte,Samal
Davao del Norte,San Isidro
Davao del Norte,Santo Tomas
Davao del Norte,Tagum
Davao del Norte,Talaingod
Davao del Sur,Bansalan
Davao del Sur,Davao City
Davao del Sur,Digos
Davao del Sur,Hagonoy
Davao del Sur,Kiblawan
Davao del Sur,Magsaysay
Davao del Sur,Malalag
Davao del Sur,Matanao
Davao del Sur,Padada
Davao del Sur,Santa Cruz
Davao del Sur,Sulop
Davao Occidental,Don Marcelino
Davao Occidental,Jose Abad Santos
Davao Occidental,Malita
Davao Occidental,Santa Maria
Davao Occidental,Sarangani
Davao Oriental,Baganga
Davao Oriental,Banaybanay
Davao Oriental,Boston
Davao Oriental,Caraga
Davao Oriental,Cateel
Davao Oriental,Governor Generoso
Davao Oriental,Lupon
Davao Oriental,Manay
Davao Oriental,Mati
Davao Oriental,San Isidro
Davao Oriental,Tarragona
Dinagat Islands,Basilisa
Dinagat Islands,Cagdianao
Dinagat Islands,Dinagat
Dinagat Islands,Libjo
Dinagat Islands,Loreto
Dinagat Islands,San Jose
Dinagat Islands,Tubajon
Eastern Samar,Arteche
Eastern Samar,Balangiga
Eastern Samar,Balangkayan
Eastern Samar,Borongan
Eastern Samar,Can-avid
Eastern Samar,Dolores
Eastern Samar,General MacArthur
Eastern Samar,Giporlos
Eastern Samar,Guiuan
Eastern Samar,Hernani
Eastern Samar,Jipapad
Eastern Samar,Lawaan
Eastern Samar,Llorente
Eastern Samar,Maslog
Eastern Samar,Maydolong
Eastern Samar,Mercedes
Eastern Samar,Oras
Eastern Samar,Quinapondan
Eastern Samar,Salcedo
Eastern Samar,San Julian
Eastern Samar,San Policarpo
Eastern Samar,Sulat
Eastern Samar,Taft
Guimaras,Buenavista
Guimaras,Jordan
Guimaras,Nueva Valencia
Guimaras,San Lorenzo
Guimaras,Sibunag
Ifugao,Aguinaldo
Ifugao,Alfonso Lista
Ifugao,Asipulo
Ifugao,Banaue
Ifugao,Hingyon
Ifugao,Hungduan
Ifugao,Kiangan
Ifugao,Lagawe
Ifugao,Lamut
Ifugao,Mayoyao
Ifugao,Tinoc
Ilocos Norte,Adams
Ilocos Norte,Bacarra
Ilocos Norte,Badoc
Ilocos Norte,Bangui
Ilocos Norte,Banna
Ilocos Norte,Batac
Ilocos Norte,Burgos
Ilocos Norte,Carasi
Ilocos Norte,Currimao
Ilocos Norte,Dingras
Ilocos Norte,Dumalneg
Ilocos Norte,Laoag
Ilocos Norte,Marcos
Ilocos Norte,Nueva Era
Ilocos Norte,Pagudpud
Ilocos Norte,Paoay
Ilocos Norte,Pasuquin
Ilocos Norte,Piddig
Ilocos Norte,Pinili
Ilocos Norte,San Nicolas
Ilocos Norte,Sarrat
Ilocos Norte,Solsona
Ilocos Norte,Vintar
Ilocos Sur,Alilem
Ilocos Sur,Banayoyo
Ilocos Sur,Bantay
Ilocos Sur,Burgos
Ilocos Sur,Cabugao
Ilocos Sur,Candon
Ilocos Sur,Caoayan
Ilocos Sur,Cervantes
Ilocos Sur,Galimuyod
Ilocos Sur,Gregorio del Pilar
Ilocos Sur,Lidlidda
Ilocos Sur,Magsingal
Ilocos Sur,Nagbukel
Ilocos Sur,Narvacan
Ilocos Sur,Quirino
Ilocos Sur,Salcedo
Ilocos Sur,San Emilio
Ilocos Sur,San Esteban
Ilocos Sur,San Ildefonso
Ilocos Sur,San Juan
Ilocos Sur,San Vicente
Ilocos Sur,Santa
Ilocos Sur,Santa Catalina
Ilocos Sur,Santa Cruz
Ilocos Sur,Santa Lucia
Ilocos Sur,Santa Maria
Ilocos Sur,Santiago
Ilocos Sur,Santo Domingo
Ilocos Sur,Sigay
Ilocos Sur,Sinait
Ilocos Sur,Sugpon
Ilocos Sur,Suyo
Ilocos Sur,Tagudin
Ilocos Sur,Vigan
Iloilo,Ajuy
Iloilo,Alimodian
Iloilo,Anilao
Iloilo,Badiangan
Iloilo,Balasan
Iloilo,Banate
Iloilo,Barotac Nuevo
Iloilo,Barotac Viejo
Iloilo,Batad
Iloilo,Bingawan
Iloilo,Cabatuan
Iloilo,Calinog
Iloilo,Carles
Iloilo,Concepcion
Iloilo,Dingle
Iloilo,Dueñas
Iloilo,Dumangas
Iloilo,Estancia
Iloilo,Guimbal
Iloilo,Igbaras
Iloilo,Iloilo City
Iloilo,Janiuay
Iloilo,Lambunao
Iloilo,Leganes
Iloilo,Lemery
Iloilo,Leon
Iloilo,Maasin
Iloilo,Miagao
Iloilo,Mina
Iloilo,New Lucena
Iloilo,Oton
Iloilo,Passi
Iloilo,Pavia
Iloilo,Pototan
Iloilo,San Dionisio
Iloilo,San Enrique
Iloilo,San Joaquin
Iloilo,San Miguel
Iloilo,San Rafael
Iloilo,Santa Barbara
Iloilo,Sara
Iloilo,Tigbauan
Iloilo,Tubungan
Iloilo,Zarraga
Isabela,Alicia
Isabela,Angadanan
Isabela,Aurora
Isabela,Benito Soliven
Isabela,Burgos
Isabela,Cabagan
Isabela,Cabatuan
Isabela,Cauayan
Isabela,Cordon
Isabela,Delfin Albano
Isabela,Dinapigue
Isabela,Divilacan
Isabela,Echague
Isabela,Gamu
Isabela,Ilagan
Isabela,Jones
Isabela,Luna
Isabela,Maconacon
Isabela,Mallig
Isabela,Naguilian
Isabela,Palanan
Isabela,Quezon
Isabela,Quirino
Isabela,Ramon
Isabela,Reina Mercedes
Isabela,Roxas
Isabela,San Agustin
Isabela,San Guillermo
Isabela,San Isidro
Isabela,San Manuel
Isabela,San Mariano
Isabela,San Mateo
Isabela,San Pablo
Isabela,Santa Maria
Isabela,Santiago
Isabela,Santo Tomas
Isabela,Tumauini
Kalinga,Balbalan
Kalinga,Lubuagan
Kalinga,Pasil
Kalinga,Pinukpuk
Kalinga,Rizal
Kalinga,Tabuk
Kalinga,Tanudan
Kalinga,Tinglayan
La Union,Agoo
La Union,Aringay
La Union,Bacnotan
La Union,Bagulin
La Union,Balaoan
La Union,Bangar
La Union,Bauang
La Union,Burgos
La Union,Caba
La Union,Luna
La Union,Naguilian
La Union,Pugo
La Union,Rosario
La Union,San Fernando
La Union,San Gabriel
La Union,San Juan
La Union,Santo Tomas
La Union,Santol
La Union,Sudipen
La Union,Tubao
Laguna,Alaminos
Laguna,Bay
Laguna,Biñan
Laguna,Cabuyao
Laguna,Calamba
Laguna,Calauan
Laguna,Cavinti
Laguna,Famy
Laguna,Kalayaan
Laguna,Liliw
Laguna,Los Baños
Laguna,Luisiana
Laguna,Lumban
Laguna,Mabitac
Laguna,Magdalena
Laguna,Majayjay
Laguna,Nagcarlan
Laguna,Paete
Laguna,Pagsanjan
Laguna,Pakil
Laguna,Pangil
Laguna,Pila
Laguna,Rizal
Laguna,San Pablo
Laguna,San Pedro
Laguna,Santa Cruz
Laguna,Santa Maria
Laguna,Santa Rosa
Laguna,Siniloan
Laguna,Victoria
Lanao del Norte,Bacolod
Lanao del Norte,Baloi
Lanao del Norte,Baroy
Lanao del Norte,Iligan
Lanao del Norte,Kapatagan
Lanao del Norte,Kauswagan
Lanao del Norte,Kolambugan
Lanao del Norte,Lala
Lanao del Norte,Linamon
Lanao del Norte,Magsaysay
Lanao del Norte,Maigo
Lanao del Norte,Matungao
Lanao del Norte,Munai
Lanao del Norte,Nunungan
Lanao del Norte,Pantao Ragat
Lanao del Norte,Pantar
Lanao del Norte,Poona Piagapo
Lanao del Norte,Salvador
Lanao del Norte,Sapad
Lanao del Norte,Sultan Naga Dimaporo (Karomatan)
Lanao del Norte,Tagoloan
Lanao del Norte,Tangcal
Lanao del Norte,Tubod
Lanao del Sur,Amai Manabilang (Bumbaran)
Lanao del Sur,Bacolod-Kalawi (Bacolod-Grande)
Lanao del Sur,Balabagan
Lanao del Sur,Balindong (Watu)
Lanao del Sur,Bayang
Lanao del Sur,Binidayan
Lanao del Sur,Buadiposo-Buntong
Lanao del Sur,Bubong
Lanao del Sur,Butig
Lanao del Sur,Calanogas
Lanao del Sur,Ditsaan-Ramain
Lanao del Sur,Ganassi
Lanao del Sur,Kapai
Lanao del Sur,Kapatagan
Lanao del Sur,Lumba-Bayabao (Maguing)
Lanao del Sur,Lumbaca-Unayan
Lanao del Sur,Lumbatan
Lanao del Sur,Lumbayanague
Lanao del Sur,Madalum
Lanao del Sur,Madamba
Lanao del Sur,Maguing
Lanao del Sur,Malabang
Lanao del Sur,Marantao
Lanao del Sur,Marawi
Lanao del Sur,Marogong
Lanao del Sur,Masiu
Lanao del Sur,Mulondo
Lanao del Sur,Pagayawan (Tatarikan)
Lanao del Sur,Piagapo
Lanao del Sur,Picong (Sultan Gumander)
Lanao del Sur,Poona Bayabao (Gata)
Lanao del Sur,Pualas
Lanao del Sur,Saguiaran
Lanao del Sur,Sultan Dumalondong
Lanao del Sur,Tagoloan II
Lanao del Sur,Tamparan
Lanao del Sur,Taraka
Lanao del Sur,Tubaran
Lanao del Sur,Tugaya
Lanao del Sur,Wao
Leyte,Abuyog
Leyte,Alangalang
Leyte,Albuera
Leyte,Babatngon
Leyte,Barugo
Leyte,Bato
Leyte,Baybay
Leyte,Burauen
Leyte,Calubian
Leyte,Capoocan
Leyte,Carigara
Leyte,Dagami
Leyte,Dulag
Leyte,Hilongos
Leyte,Hindang
Leyte,Inopacan
Leyte,Isabel
Leyte,Jaro
Leyte,Javier (Bugho)
Leyte,Julita
Leyte,Kananga
Leyte,La Paz
Leyte,Leyte
Leyte,MacArthur
Leyte,Mahaplag
Leyte,Matag-ob
Leyte,Matalom
Leyte,Mayorga
Leyte,Merida
Leyte,Ormoc
Leyte,Palo
Leyte,Palompon
Leyte,Pastrana
Leyte,San Isidro
Leyte,San Miguel
Leyte,Santa Fe
Leyte,Tabango
Leyte,Tabontabon
Leyte,Tacloban
Leyte,Tanauan
Leyte,Tolosa
Leyte,Tunga
Leyte,Villaba
Maguindanao,Ampatuan
Maguindanao,Barira
Maguindanao,Buldon
Maguindanao,Buluan
Maguindanao,Cotabato City
Maguindanao,Datu Abdullah Sangki
Maguindanao,Datu Anggal Midtimbang
Maguindanao,Datu Blah T. Sinsuat
Maguindanao,Datu Hoffer Ampatuan
Maguindanao,Datu Montawal
Maguindanao,Datu Odin Sinsuat
Maguindanao,Datu Paglas
Maguindanao,Datu Piang
Maguindanao,Datu Salibo
Maguindanao,Datu Saudi-Ampatuan
Maguindanao,Datu Unsay
Maguindanao,General Salipada K. Pendatun
Maguindanao,Guindulungan
Maguindanao,Kabuntalan
Maguindanao,Mamasapano
Maguindanao,Mangudadatu
Maguindanao,Matanog
Maguindanao,Northern Kabuntalan
Maguindanao,Pagalungan
Maguindanao,Paglat
Maguindanao,Pandag
Maguindanao,Parang
Maguindanao,Rajah Buayan
Maguindanao,Shariff Aguak
Maguindanao,Shariff Saydona Mustapha
Maguindanao,South Upi
Maguindanao,Sultan Kudarat
Maguindanao,Sultan Mastura
Maguindanao,Sultan sa Barongis
Maguindanao,Sultan Sumagka
Maguindanao,Talayan
Maguindanao,Upi
Marinduque,Boac
Marinduque,Buenavista
Marinduque,Gasan
Marinduque,Mogpog
Marinduque,Santa Cruz
Marinduque,Torrijos
Masbate,Aroroy
Masbate,Baleno
Masbate,Balud
Masbate,Batuan
Masbate,Cataingan
Masbate,Cawayan
Masbate,Claveria
Masbate,Dimasalang
Masbate,Esperanza
Masbate,Mandaon
Masbate,Masbate City
Masbate,Milagros
Masbate,Mobo
Masbate,Monreal
Masbate,Palanas
Masbate,Pio V. Corpuz
Masbate,Placer
Masbate,San Fernando
Masbate,San Jacinto
Masbate,San Pascual
Masbate,Uson
Misamis Occidental,Aloran
Misamis Occidental,Baliangao
Misamis Occidental,Bonifacio
Misamis Occidental,Calamba
Misamis Occidental,Clarin
Misamis Occidental,Concepcion
Misamis Occidental,Don Victoriano Chiongbian(Don Mariano Marcos)
Misamis Occidental,Jimenez
Misamis Occidental,Lopez Jaena
Misamis Occidental,Oroquieta
Misamis Occidental,Ozamiz
Misamis Occidental,Panaon
Misamis Occidental,Plaridel
Misamis Occidental,Sapang Dalaga
Misamis Occidental,Sinacaban
Misamis Occidental,Tangub
Misamis Occidental,Tudela
Misamis Oriental,Alubijid
Misamis Oriental,Balingasag
Misamis Oriental,Balingoan
Misamis Oriental,Binuangan
Misamis Oriental,Cagayan de Oro
Misamis Oriental,Claveria
Misamis Oriental,El Salvador
Misamis Oriental,Gingoog
Misamis Oriental,Gitagum
Misamis Oriental,Initao
Misamis Oriental,Jasaan
Misamis Oriental,Kinoguitan
Misamis Oriental,Lagonglong
Misamis Oriental,Laguindingan
Misamis Oriental,Libertad
Misamis Oriental,Lugait
Misamis Oriental,Magsaysay
Misamis Oriental,Manticao
Misamis Oriental,Medina
Misamis Oriental,Naawan
Misamis Oriental,Opol
Misamis Oriental,Salay
Misamis Oriental,Sugbongcogon
Misamis Oriental,Tagoloan
Misamis Oriental,Talisayan
Misamis Oriental,Villanueva
Mountain Province,Barlig
Mountain Province,Bauko
Mountain Province,Besao
Mountain Province,Bontoc
Mountain Province,Natonin
Mountain Province,Paracelis
Mountain Province,Sabangan
Mountain Province,Sadanga
Mountain Province,Sagada
Mountain Province,Tadian
Negros Occidental,Bacolod
Negros Occidental,Bago
Negros Occidental,Binalbagan
Negros Occidental,Cadiz
Negros Occidental,Calatrava
Negros Occidental,Candoni
Negros Occidental,Cauayan
Negros Occidental,Enrique B. Magalona
Negros Occidental,Escalante
Negros Occidental,Himamaylan
Negros Occidental,Hinigaran
Negros Occidental,Hinoba-an
Negros Occidental,Ilog
Negros Occidental,Isabela
Negros Occidental,Kabankalan
Negros Occidental,La Carlota
Negros Occidental,La Castellana
Negros Occidental,Manapla
Negros Occidental,Moises Padilla
Negros Occidental,Murcia
Negros Occidental,Pontevedra
Negros Occidental,Pulupandan
Negros Occidental,Sagay
Negros Occidental,Salvador Benedicto
Negros Occidental,San Carlos
Negros Occidental,San Enrique
Negros Occidental,Silay
Negros Occidental,Sipalay
Negros Occidental,Talisay
Negros Occidental,Toboso
Negros Occidental,Valladolid
Negros Occidental,Victorias
Negros Oriental,Amlan (Ayuquitan)
Negros Oriental,Ayungon
Negros Oriental,Bacong
Negros Oriental,Bais
Negros Oriental,Basay
Negros Oriental,Bayawan
Negros Oriental,Bindoy (Payabon)
Negros Oriental,Canlaon
Negros Oriental,Dauin
Negros Oriental,Dumaguete
Negros Oriental,Guihulngan
Negros Oriental,Jimalalud
Negros Oriental,La Libertad
Negros Oriental,Mabinay
Negros Oriental,Manjuyod
Negros Oriental,Pamplona
Negros Oriental,San Jose
Negros Oriental,Santa Catalina
Negros Oriental,Siaton
Negros Oriental,Sibulan
Negros Oriental,Tanjay
Negros Oriental,Tayasan
Negros Oriental,Valencia (Luzurriaga)
Negros Oriental,Vallehermoso
Negros Oriental,Zamboanguita
Northern Samar,Allen
Northern Samar,Biri
Northern Samar,Bobon
Northern Samar,Capul
Northern Samar,Catarman
Northern Samar,Catubig
Northern Samar,Gamay
Northern Samar,Laoang
Northern Samar,Lapinig
Northern Samar,Las Navas
Northern Samar,Lavezares
Northern Samar,Lope de Vega
Northern Samar,Mapanas
Northern Samar,Mondragon
Northern Samar,Palapag
Northern Samar,Pambujan
Northern Samar,Rosario
Northern Samar,San Antonio
Northern Samar,San Isidro
Northern Samar,San Jose
Northern Samar,San Roque
Northern Samar,San Vicente
Northern Samar,Silvino Lobos
Northern Samar,Victoria
Nueva Ecija,Aliaga
Nueva Ecija,Bongabon
Nueva Ecija,Cabanatuan
Nueva Ecija,Cabiao
Nueva Ecija,Carranglan
Nueva Ecija,Cuyapo
Nueva Ecija,Gabaldon (Bitulok & Sabani)
Nueva Ecija,Gapan
Nueva Ecija,General Mamerto Natividad
Nueva Ecija,General Tinio (Papaya)
Nueva Ecija,Guimba
Nueva Ecija,Jaen
Nueva Ecija,Laur
Nueva Ecija,Licab
Nueva Ecija,Llanera
Nueva Ecija,Lupao
Nueva Ecija,Muñoz
Nueva Ecija,Nampicuan
Nueva Ecija,Palayan
Nueva Ecija,Pantabangan
Nueva Ecija,Peñaranda
Nueva Ecija,Quezon
Nueva Ecija,Rizal
Nueva Ecija,San Antonio
Nueva Ecija,San Isidro
Nueva Ecija,San Jose (Cabaritan)
Nueva Ecija,San Leonardo
Nueva Ecija,Santa Rosa
Nueva Ecija,Santo Domingo
Nueva Ecija,Talavera
Nueva Ecija,Talugtug
Nueva Ecija,Zaragoza
Nueva Vizcaya,Alfonso Castañeda
Nueva Vizcaya,Ambaguio
Nueva Vizcaya,Aritao
Nueva Vizcaya,Bagabag
Nueva Vizcaya,Bambang
Nueva Vizcaya,Bayombong
Nueva Vizcaya,Diadi
Nueva Vizcaya,Dupax del Norte
Nueva Vizcaya,Dupax del Sur
Nueva Vizcaya,Kasibu
Nueva Vizcaya,Kayapa
Nueva Vizcaya,Quezon
Nueva Vizcaya,Santa Fe (Imugan)
Nueva Vizcaya,Solano
Nueva Vizcaya,Villaverde (Ibung)
Occidental Mindoro,Abra de Ilog
Occidental Mindoro,Calintaan
Occidental Mindoro,Looc
Occidental Mindoro,Lubang
Occidental Mindoro,Magsaysay
Occidental Mindoro,Mamburao
Occidental Mindoro,Paluan
Occidental Mindoro,Rizal
Occidental Mindoro,Sablayan
Occidental Mindoro,San Jose
Occidental Mindoro,Santa Cruz
Oriental Mindoro,Baco
Oriental Mindoro,Bansud
Oriental Mindoro,Bongabong
Oriental Mindoro,Bulalacao (San Pedro)
Oriental Mindoro,Calapan
Oriental Mindoro,Gloria
Oriental Mindoro,Mansalay
Oriental Mindoro,Naujan
Oriental Mindoro,Pinamalayan
Oriental Mindoro,Pola
Oriental Mindoro,Puerto Galera
Oriental Mindoro,Roxas
Oriental Mindoro,San Teodoro
Oriental Mindoro,Socorro
Oriental Mindoro,Victoria
Palawan,Aborlan
Palawan,Agutaya
Palawan,Araceli
Palawan,Balabac
Palawan,Bataraza
Palawan,Brooke's Point
Palawan,Busuanga
Palawan,Cagayancillo
Palawan,Coron
Palawan,Culion
Palawan,Cuyo
Palawan,Dumaran
Palawan,El Nido
Palawan,Kalayaan
Palawan,Linapacan
Palawan,Magsaysay
Palawan,Narra
Palawan,Puerto Princesa
Palawan,Quezon
Palawan,Rizal
Palawan,Roxas
Palawan,San Vicente
Palawan,Sofronio Española
Palawan,Taytay
Pampanga,Angeles
Pampanga,Apalit
Pampanga,Arayat
Pampanga,Bacolor
Pampanga,Candaba
Pampanga,Floridablanca
Pampanga,Guagua
Pampanga,Lubao
Pampanga,Mabalacat
Pampanga,Macabebe
Pampanga,Magalang
Pampanga,Masantol
Pampanga,Mexico
Pampanga,Minalin
Pampanga,Porac
Pampanga,San Fernando
Pampanga,San Luis
Pampanga,San Simon
Pampanga,Santa Ana
Pampanga,Santa Rita
Pampanga,Santo Tomas
Pampanga,Sasmuan
Quezon,Agdangan
Quezon,Alabat
Quezon,Atimonan
Quezon,Buenavista
Quezon,Burdeos
Quezon,Calauag
Quezon,Candelaria
Quezon,Catanauan
Quezon,Dolores
Quezon,General Luna
Quezon,General Nakar
Quezon,Guinayangan
Quezon,Gumaca
Quezon,Infanta
Quezon,Jomalig
Quezon,Lopez
Quezon,Lucban
Quezon,Lucena
Quezon,Macalelon
Quezon,Mauban
Quezon,Mulanay
Quezon,Padre Burgos
Quezon,Pagbilao
Quezon,Panukulan
Quezon,Patnanungan
Quezon,Perez
Quezon,Pitogo
Quezon,Plaridel
Quezon,Polillo
Quezon,Quezon
Quezon,Real
Quezon,Sampaloc
Quezon,San Andres
Quezon,San Antonio
Quezon,San Francisco
Quezon,San Narciso
Quezon,Sariaya
Quezon,Tagkawayan
Quezon,Tayabas
Quezon,Tiaong
Quezon,Unisan
Quirino,Aglipay
Quirino,Cabarroguis
Quirino,Diffun
Quirino,Maddela
Quirino,Nagtipunan
Quirino,Saguday
Rizal,Angono
Rizal,Antipolo
Rizal,Baras
Rizal,Binangonan
Rizal,Cainta
Rizal,Cardona
Rizal,Jalajala
Rizal,Morong
Rizal,Pililla
Rizal,Rodriguez
Rizal,San Mateo
Rizal,Tanay
Rizal,Taytay
Rizal,Teresa
Romblon,Alcantara
Romblon,Banton (Jones)
Romblon,Cajidiocan
Romblon,Calatrava
Romblon,Concepcion
Romblon,Corcuera
Romblon,Ferrol
Romblon,Looc
Romblon,Magdiwang
Romblon,Odiongan
Romblon,Romblon
Romblon,San Agustin
Romblon,San Andres
Romblon,San Fernando
Romblon,San Jose
Romblon,Santa Fe
Romblon,Santa Maria (Imelda)
Samar,Almagro
Samar,Basey
Samar,Calbayog
Samar,Calbiga
Samar,Catbalogan
Samar,Daram
Samar,Gandara
Samar,Hinabangan
Samar,Jiabong
Samar,Marabut
Samar,Matuguinao
Samar,Motiong
Samar,Pagsanghan
Samar,Paranas (Wright)
Samar,Pinabacdao
Samar,San Jorge
Samar,San Jose de Buan
Samar,San Sebastian
Samar,Santa Margarita
Samar,Santa Rita
Samar,Santo Niño
Samar,Tagapul-an
Samar,Talalora
Samar,Tarangnan
Samar,Villareal
Samar,Zumarraga
Sarangani,Alabel
Sarangani,Glan
Sarangani,Kiamba
Sarangani,Maasim
Sarangani,Maitum
Sarangani,Malapatan
Sarangani,Malungon
Siquijor,Enrique Villanueva
Siquijor,Larena
Siquijor,Lazi
Siquijor,Maria
Siquijor,San Juan
Siquijor,Siquijor
Sorsogon,Barcelona
Sorsogon,Bulan
Sorsogon,Bulusan
Sorsogon,Casiguran
Sorsogon,Castilla
Sorsogon,Donsol
Sorsogon,Gubat
Sorsogon,Irosin
Sorsogon,Juban
Sorsogon,Magallanes
Sorsogon,Matnog
Sorsogon,Pilar
Sorsogon,Prieto Diaz
Sorsogon,Santa Magdalena
Sorsogon,Sorsogon City
South Cotabato,Banga
South Cotabato,General Santos
South Cotabato,Koronadal
South Cotabato,Lake Sebu
South Cotabato,Norala
South Cotabato,Polomolok
South Cotabato,Santo Niño
South Cotabato,Surallah
South Cotabato,T'Boli
South Cotabato,Tampakan
South Cotabato,Tantangan
South Cotabato,Tupi
Southern Leyte,Anahawan
Southern Leyte,Bontoc
Southern Leyte,Hinunangan
Southern Leyte,Hinundayan
Southern Leyte,Libagon
Southern Leyte,Liloan
Southern Leyte,Limasawa
Southern Leyte,Maasin
Southern Leyte,Macrohon
Southern Leyte,Malitbog
Southern Leyte,Padre Burgos
Southern Leyte,Pintuyan
Southern Leyte,Saint Bernard
Southern Leyte,San Francisco
Southern Leyte,San Juan (Cabalian)
Southern Leyte,San Ricardo
Southern Leyte,Silago
Southern Leyte,Sogod
Southern Leyte,Tomas Oppus
Sultan Kudarat,Bagumbayan
Sultan Kudarat,Columbio
Sultan Kudarat,Esperanza
Sultan Kudarat,Isulan
Sultan Kudarat,Kalamansig
Sultan Kudarat,Lambayong (Mariano Marcos)
Sultan Kudarat,Lebak
Sultan Kudarat,Lutayan
Sultan Kudarat,Palimbang
Sultan Kudarat,President Quirino
Sultan Kudarat,Senator Ninoy Aquino
Sultan Kudarat,Tacurong
Sulu,Banguingui
Sulu,Hadji Panglima Tahil
Sulu,Indanan
Sulu,Jolo
Sulu,Kalingalan Caluang
Sulu,Lugus
Sulu,Luuk
Sulu,Maimbung
Sulu,Old Panamao
Sulu,Omar
Sulu,Pandami
Sulu,Panglima Estino
Sulu,Pangutaran
Sulu,Parang
Sulu,Pata
Sulu,Patikul
Sulu,Siasi
Sulu,Talipao
Sulu,Tapul
Surigao del Norte,Alegria
Surigao del Norte,Bacuag
Surigao del Norte,Burgos
Surigao del Norte,Claver
Surigao del Norte,Dapa
Surigao del Norte,Del Carmen
Surigao del Norte,General Luna
Surigao del Norte,Gigaquit
Surigao del Norte,Mainit
Surigao del Norte,Malimono
Surigao del Norte,Pilar
Surigao del Norte,Placer
Surigao del Norte,San Benito
Surigao del Norte,San Francisco (Anao-Aon)
Surigao del Norte,San Isidro
Surigao del Norte,Santa Monica (Sapao)
Surigao del Norte,Sison
Surigao del Norte,Socorro
Surigao del Norte,Surigao City
Surigao del Norte,Tagana-an
Surigao del Norte,Tubod
Surigao del Sur,Barobo
Surigao del Sur,Bayabas
Surigao del Sur,Bislig
Surigao del Sur,Cagwait
Surigao del Sur,Cantilan
Surigao del Sur,Carmen
Surigao del Sur,Carrascal
Surigao del Sur,Cortes
Surigao del Sur,Hinatuan
Surigao del Sur,Lanuza
Surigao del Sur,Lianga
Surigao del Sur,Lingig
Surigao del Sur,Madrid
Surigao del Sur,Marihatag
Surigao del Sur,San Agustin
Surigao del Sur,San Miguel
Surigao del Sur,Tagbina
Surigao del Sur,Tago
Surigao del Sur,Tandag
Tarlac,Anao
Tarlac,Bamban
Tarlac,Camiling
Tarlac,Capas
Tarlac,Concepcion
Tarlac,Gerona
Tarlac,La Paz
Tarlac,Mayantoc
Tarlac,Moncada
Tarlac,Paniqui
Tarlac,Pura
Tarlac,Ramos
Tarlac,San Clemente
Tarlac,San Jose
Tarlac,San Manuel
Tarlac,Santa Ignacia
Tarlac,Tarlac City
Tarlac,Victoria
Tawi-Tawi,Bongao
Tawi-Tawi,Languyan
Tawi-Tawi,Mapun
Tawi-Tawi,Panglima Sugala [ii]
Tawi-Tawi,Sapa-Sapa
Tawi-Tawi,Sibutu
Tawi-Tawi,Simunul
Tawi-Tawi,Sitangkai
Tawi-Tawi,South Ubian
Tawi-Tawi,Tandubas
Tawi-Tawi,Turtle Islands
Zambales,Botolan
Zambales,Cabangan
Zambales,Candelaria
Zambales,Castillejos
Zambales,Iba
Zambales,Masinloc
Zambales,Olongapo
Zambales,Palauig
Zambales,San Antonio
Zambales,San Felipe
Zambales,San Marcelino
Zambales,San Narciso
Zambales,Santa Cruz
Zambales,Subic
Zamboanga del Norte,Baliguian
Zamboanga del Norte,Dapitan
Zamboanga del Norte,Dipolog
Zamboanga del Norte,Godod
Zamboanga del Norte,Gutalac
Zamboanga del Norte,Jose Dalman
Zamboanga del Norte,Kalawit
Zamboanga del Norte,Katipunan
Zamboanga del Norte,La Libertad
Zamboanga del Norte,Labason
Zamboanga del Norte,Leon B. Postigo
Zamboanga del Norte,Liloy
Zamboanga del Norte,Manukan
Zamboanga del Norte,Mutia
Zamboanga del Norte,Piñan
Zamboanga del Norte,Polanco
Zamboanga del Norte,President Manuel A. Roxas
Zamboanga del Norte,Rizal
Zamboanga del Norte,Salug
Zamboanga del Norte,Sergio Osmeña Sr.
Zamboanga del Norte,Siayan
Zamboanga del Norte,Sibuco
Zamboanga del Norte,Sibutad
Zamboanga del Norte,Sindangan
Zamboanga del Norte,Siocon
Zamboanga del Norte,Sirawai
Zamboanga del Norte,Tampilisan
Zamboanga del Sur,Aurora
Zamboanga del Sur,Bayog
Zamboanga del Sur,Dimataling
Zamboanga del Sur,Dinas
Zamboanga del Sur,Dumalinao
Zamboanga del Sur,Dumingag
Zamboanga del Sur,Guipos
Zamboanga del Sur,Josefina
Zamboanga del Sur,Kumalarang
Zamboanga del Sur,Labangan
Zamboanga del Sur,Lakewood
Zamboanga del Sur,Lapuyan
Zamboanga del Sur,Mahayag
Zamboanga del Sur,Margosatubig
Zamboanga del Sur,Midsalip
Zamboanga del Sur,Molave
Zamboanga del Sur,Pagadian
Zamboanga del Sur,Pitogo
Zamboanga del Sur,Ramon Magsaysay (Liargo)
Zamboanga del Sur,San Miguel
Zamboanga del Sur,San Pablo
Zamboanga del Sur,Sominot (Don Mariano Marcos)
Zamboanga del Sur,Tabina
Zamboanga del Sur,Tambulig
Zamboanga del Sur,Tigbao
Zamboanga del Sur,Tukuran
Zamboanga del Sur,Vincenzo A. Sagun
Zamboanga del Sur,Zamboanga City
Zamboanga Sibugay,Alicia
Zamboanga Sibugay,Buug
Zamboanga Sibugay,Diplahan
Zamboanga Sibugay,Imelda
Zamboanga Sibugay,Ipil
Zamboanga Sibugay,Kabasalan
Zamboanga Sibugay,Mabuhay
Zamboanga Sibugay,Malangas
Zamboanga Sibugay,Naga
Zamboanga Sibugay,Olutanga
Zamboanga Sibugay,Payao
Zamboanga Sibugay,Roseller Lim
Zamboanga Sibugay,Siay
Zamboanga Sibugay,Talusan
Zamboanga Sibugay,Titay
Zamboanga Sibugay,Tungawan
Metro Manila,Caloocan
Metro Manila,Las Piñas
Metro Manila,Makati
Metro Manila,Malabon
Metro Manila,Mandaluyong
Metro Manila,Manila
Metro Manila,Marikina
Metro Manila,Muntinlupa
Metro Manila,Navotas
Metro Manila,Parañaque
Metro Manila,Pasay
Metro Manila,Pasig
Metro Manila,Pateros
Metro Manila,Quezon City
Metro Manila,San Juan
Metro Manila,Taguig
Metro Manila,Valenzuela
Bohol,Alburquerque
Bohol,Antequera
Bohol,Baclayon
Bohol,Balilihan
Bohol,Calape
Bohol,Catigbian
Bohol,Corella
Bohol,Cortes
Bohol,Dauis
Bohol,Loon
Bohol,Maribojoc
Bohol,Panglao
Bohol,Sikatuna
Bohol,Tagbilaran
Bohol,Tubigon
Bohol,Bien Unido
Bohol,Buenavista
Bohol,Clarin
Bohol,Dagohoy
Bohol,Danao
Bohol,Getafe
Bohol,Inabanga
Bohol,President Carlos P. Garcia
Bohol,Sagbayan
Bohol,San Isidro
Bohol,San Miguel
Bohol,Talibon
Bohol,Trinidad
Bohol,Ubay
Bohol,Alicia
Bohol,Anda
Bohol,Batuan
Bohol,Bilar
Bohol,Candijay
Bohol,Carmen
Bohol,Dimiao
Bohol,Garcia Hernandez
Bohol,Guindulman
Bohol,Jagna
Bohol,Sevilla
Bohol,Lila
Bohol,Loay
Bohol,Loboc
Bohol,Mabini
Bohol,Pilar
Bohol,Sierra Bullones
Bohol,Valencia
Pangasinan,Alaminos
Pangasinan,Dagupan
Pangasinan,San Carlos
Pangasinan,Urdaneta
Pangasinan,Agno
Pangasinan,Aguilar
Pangasinan,Alcala
Pangasinan,Anda
Pangasinan,Asingan
Pangasinan,Balungao
Pangasinan,Bani
Pangasinan,Basista
Pangasinan,Bautista
Pangasinan,Bayambang
Pangasinan,Binalonan
Pangasinan,Binmaley
Pangasinan,Bolinao
Pangasinan,Bugallon
Pangasinan,Burgos
Pangasinan,Calasiao
Pangasinan,Dasol
Pangasinan,Infanta
Pangasinan,Labrador
Pangasinan,Laoac
Pangasinan,Lingayen
Pangasinan,Mabini
Pangasinan,Malasiqui
Pangasinan,Manaoag
Pangasinan,Mangaldan
Pangasinan,Mangatarem
Pangasinan,Mapandan
Pangasinan,Natividad
Pangasinan,Pozorrubio
Pangasinan,Rosales
Pangasinan,San Fabian
Pangasinan,San Jacinto
Pangasinan,San Manuel
Pangasinan,San Nicolas
Pangasinan,San Quintin
Pangasinan,Santa Barbara
Pangasinan,Santa Maria
Pangasinan,Santo Tomas
Pangasinan,Sison
Pangasinan,Sual
Pangasinan,Tayug
Pangasinan,Umingan
Pangasinan,Urbiztondo
Pangasinan,Villasis
